{
  "prediction_count": 1152,
  "prediction_mean": 1.6074376106262207,
  "prediction_std": 15.776893615722656,
  "prediction_min": 0.0,
  "prediction_max": 206.04798889160156
}