{
  "prediction_count": 1152,
  "prediction_mean": 25038.75090944218,
  "prediction_std": 37170.97617355276,
  "prediction_min": 0.0,
  "prediction_max": 235732.3247033676
}